value,mean,std
string,float,float
Factor 1,1.37236,0.77857
Factor 2,0.930758,0.573019
Factor 3,1.170394,0.749148
Factor 4,1.377737,0.919911
